address,name,compiler
0x5b1b55bBb994B87A0fbDD951C5A89C44DB73c595,ChainlinkVrfCoordinator,Solidity(Json) 0.8.30
0xbf4088d31EC800d68B9E7bc65d77A317A42aEDC4,RocketPoolDeposit,Solidity(Json) 0.8.30
0x85E5fa99e6C06b9be5894ADaEFd58023BC5c62D4,CustodialMasterProxy,Solidity(Json) 0.8.28
0x7D7e4c38899E9b01Bf08F3335dd29b1730C25Cec,ClankerLpLockerFeeConversion,Solidity(Json) 0.8.28
0x6f1a9118225bC926554d16e601c119F1A3F5ef95,RelicERC721,Solidity(Json) 0.8.24
0x918a4f8286C23f2dEaB96A6C6fb8C1a0dBF79cdA,ControllerFactory,Solidity(Json) 0.8.35
0x252403C61f873231988A83a0D7fA986913b2D9d0,GaugeControllerCurve,Solidity(Json) 0.8.30
0x2ECA7E6816C61C2a94dFa46001aDd8Cc8D78bBdC,BoringDaoBridge,Solidity(Json) 0.8.30
0x38BE7A4d7e9162f48E7974D79881814ce26680C4,Pixelyn,Solidity(Json) 0.8.26
0x73b3C298ca33e98E060F95Dbd1E63AA10bBB2624,SiqPlatformNft,Solidity 0.8.20
0x98A207f7069513dB0A30bc8787cF5C1D40ae07f9,ControllerFactoryProxyHandler,Solidity(Json) 0.8.35
0x7c21078A07113209474F874f702c110EFfCcbD5d,SweepFactory,Solidity(Json) 0.8.26
0xf5486536D54285210CdaB3Df4dc4817e688E9EE8,SweepMultiRound_SeaportStrategy,Solidity(Json) 0.8.26
0x414990A0CF1dC1aAd2E52B6cbe3EE67BA6Fd765b,SweepMultiRound_PunkStrategy,Solidity(Json) 0.8.26
0x00B63bd527329f1F76E26fc3c00b8f4400b0043B,CustodialMasterProxy,Solidity(Json) 0.8.28
0xBbbCAb5C52bD9A4d89c5f4bAe6157A443f86c0cc,DeadPizzaLPHook,Solidity(Json) 0.8.35
0x14D6794Cb90a4C083ae6a60a6F49C0fe47604E7a,VeMarket,Solidity(Json) 0.8.19
0x36eF26A2D90F2452b6205DBb39259f232Bfe883d,ArchiveCollection,Solidity(Json) 0.8.24
0x7868edCc21b5b97d616F964D7a183722aF1C796B,TYGR,Solidity 0.8.20
0x69C88A3fd228507D0f0D223074c236D8a2754500,LauncherHook,Solidity(Json) 0.8.26
0x7DD8ba0c48a0CAE38fef88ab99d8d2A226B0da80,Vault,Solidity(Json) 0.8.28
0x4811C629AC3c5366AE4DC2c8986221e5ab079c5F,Token,Solidity(Json) 0.8.34
0x670F32435798CD3EfE30330a781ee5a6d7c5f832,AaveV3Strategy,Solidity(Json) 0.8.28
0x8d365dD7995EDCaB56667B9c700c76C3639dCf70,PixelsCommunityChest,Solidity(Json) 0.8.30
0x340cb472fE07c768A46e37E31EaA05904745C710,RetroRouter,Solidity(Json) 0.8.30
0xc5CE05186d88B12AEeC0F5154335D81FdE389069,MemeDeployer,Solidity(Json) 0.8.28
0x5D5C2e640135FF0fCc0755d7D5Ee6E3f7d170E00,CoreDeployer,Solidity(Json) 0.8.28
0x87415ba01F66024f3401247f90ac2a28414371e7,SatelliteDeployer,Solidity(Json) 0.8.28
0xF2b1b6Cc8e66381ba4b7e77DE48760337c388fbd,Factory,Solidity(Json) 0.8.28
0x7F5dF13E2b7Fab7a2A596764dD089fDBD5eb1702,TetherToken,Solidity(Json) 0.8.34
0x103cFAd091FAd69038b84CEa4E43f54a5E8766F6,LneCollectionFactory,Solidity 0.8.34
0xE90dd429BFcD7ab259B817617b2233018ec7355f,CopperLaunchPool,Solidity(Json) 0.8.30
0xF5628E7D288FFEf506c68D790163F01081b084Bd,Api3DapiServer,Solidity(Json) 0.8.30
0x4eFd0b3C3CB9B2d346b52a22C12EaEa8ca9CFfc3,BotGentz,Solidity(Json) 0.8.34
0x609Eae20DBDe44ba115857306b6d57bAc71b2717,SweepFactory,Solidity(Json) 0.8.26
0xDFf7525f25776beB6971AB2541e4E323373c2De5,SweepMultiRound_SeaportStrategy,Solidity(Json) 0.8.26
0xC5e84DdfE4c95726de8E82ff6771954a448A0813,SweepMultiRound_PunkStrategy,Solidity(Json) 0.8.26
0x0B9A9f781dFDc8f61f47d60276131ed3A3997C87,SweepMultiRound_NFTStrategy,Solidity(Json) 0.8.26
0xa4eA315E6eC94403c4aaaeCf3469859Fcd123aBB,DIVVY,Solidity 0.8.20
0xA6a04bF29b37F163b64188f5abde5eF6fd7f1a08,CleanToken,Solidity(Json) 0.8.24
0xf0328E0C68382001dC9b05270e36239e08e0EF2F,FrancJupiterStrategies,Solidity(Json) 0.8.30
0xf9A96EF669f1F134D170A262AB94c8fFd90DD112,TaPzi,Solidity 0.8.36
0x04cF99451AAdbb9995fd37294E0BA8eA4d47CCdF,BlockBrokerLauncher,Solidity(Json) 0.8.26
0x6EF4621e300e247b46cdDFa3021Cc30A53ec6117,SimpleVaultIO,Solidity(Json) 0.8.34
0x58cC97aAF81569C35A3848785719DbF9B4D11bFf,StakingVault,Solidity(Json) 0.8.28
0x7b45B3faa3F54eff8103417732cda26009Ed963d,ZStable,Solidity(Json) 0.8.28
0xf7B6f4b907caB33E9d62355Dff88359C33a53D5C,ERC1155SeaDropConfigurer,Solidity(Json) 0.8.36
0x60b5EcbBe76CFe6Ca1fFc641B2C10b61e2D23Ba7,PixelSaudi,Solidity(Json) 0.8.36
0xE01492F557FE729A0bE6a7aA61a28e12De5c4902,PixelSaudiArt,Solidity(Json) 0.8.36
0xa96F2b1eF3916Dc71aACBAda4A892aDE6d04d175,PrivateVault,Solidity 0.8.34
0x043B5911f521a1bFf4058440F422f9a570E729cd,zSolverExec,Solidity(Json) 0.8.36
0x7C310e23fB5EA04414Cd2664F84be4749dF86488,zSolverFill,Solidity(Json) 0.8.36
0x85c94329A29F2fFFF7da637a8a87bf08DD1A0893,MIXER_bank,Solidity 0.7.6
0x7D30e81e6B8c6975Fbecf6d23faC82d4067c4A68,BlockBrokerEngine,Solidity(Json) 0.8.26
0x6C7777f8b13A33d5fCE5aC6deFCB3A57660c645f,Token,Solidity(Json) 0.8.32
0x041bC0F9805F75E51ED0f4e56eA67f2E82873B35,ALMCoreUpgradeable,Solidity(Json) 0.8.35
0x1b0AD623E37cB622790f38D1D61193EcCBb5FAF7,V4Module,Solidity(Json) 0.8.35
0xF4C84AA66DC8AF657e01BaF987c99722C7295094,V3Module,Solidity(Json) 0.8.35
0x6D1294FCf0124Dfa204461dC548bf5D5FEb854AF,RangoBridgeProxy,Solidity(Json) 0.8.30
0x89aDC104368bB8501BD305B481078A520b90F00F,Factory,Solidity(Json) 0.8.28
0x6B07Cb54BE50Bc040CCA0360Ec792d7B5609F4dB,Grove,Solidity 0.1.2
0x2b775897525582D32b7B9c000A8F4B7acba4B1Ce,GateioStartup,Solidity(Json) 0.8.30
0x4727920Fa622362E379C40Df1Ff0D145f17e0850,LuckySocksVault,Solidity(Json) 0.8.26
0x739C1C7E2719a1C736857d72b8Ba91dE06113072,ParaswapV5Router,Solidity(Json) 0.8.30
0xfFE8D83A05e1480b6472f0b7aFBc9E7c9d1901FE,LuckySocks,Solidity(Json) 0.8.26
0x4a7DcC184e7e732767E8A71eB0C7586AB7a3bdcd,TerraNullius,Solidity 0.1.5
0x95864C3a3B2904Baea5900d4e8dc64d811dbE50E,SELVO,Solidity 0.8.20
0x7142da480061fC78662DF504915191dF63533B42,SEEDCOIN,Solidity 0.8.20
0x2871fDba352AEa8FcE927eFa37dfBaF791539F2A,zSolverList,Solidity(Json) 0.8.36
0x8C7348D039f58C4e9cfA936EF410eec759213b12,zRpcList,Solidity(Json) 0.8.36
0x828386740dE4Cc687637E5d6378AF6DBF7178afd,zSolverExec,Solidity(Json) 0.8.36
0x2De41B95D8CCd09C9918B1066f08D7cC0aA29918,zSolverFill,Solidity(Json) 0.8.36
0x36290E3f7c0e074A9E80cd6EB2F36B77411C19d7,CallerPool,Solidity 0.1.4
0xdb15058402c241B04A03846f6fB104B1fBEEA10B,Alarm,Solidity 0.1.4
0xc1Cfa6Ac1D7cF99bd1e145DCD04ec462B3B0C4DA,Alarm,Solidity 0.1.4
0xc5DD57026447ed3287196Ac1e4c03975C5398aE7,CallerPool,Solidity 0.1.4
0x4d61e309D501620399d624cf0e0E39b25758E76D,Factory,Solidity(Json) 0.8.28
0xe76f218ED471ac32b041fbe02b0025016C16E944,URLhint,Solidity 0.1.5
0xfeEe3A42551FA765D8d1e6A87575b71c60d1d0b2,HashReg,Solidity 0.1.5
0xfe9D4E5717Ec0e16f8301240DF5c3f7D3E9effEF,Grove,Solidity 0.1.2
0x7D7ce4e2CDFeA812b33F48f419860b91Cf9a141d,Grove,Solidity 0.1.2
0x6E1f0aEf52b7b4b341ad27e00e394bd1C7F8B888,CallerPool,Solidity 0.1.2
0x91d050E1a0ee2423a35F2C7191F1c5405854ba99,Standard_Token_Factory,Solidity 0.1.1
0xdC3153c4A6bD1F8Dfb76Ec59e8Ae4e7b1ca8F965,Standard_Token,Solidity 0.1.1
0x329219bE8810602a59b76dF9Ed7d52Dc3AFc3e8B,CallerPool,Solidity 0.1.1
0x1138e862F44dF2506ABF48D8Aba5b805eCcC96C4,Relay,Solidity 0.1.2
0x483E80677C524766ABc499f22fD1EAe5e5354049,MemeDeployer,Solidity(Json) 0.8.28
0x7ff073DD807C071A843573c2E88093daEa728346,Relay,Solidity 0.1.1
0x7e8047F6d1595f16ecfc807888f1AAC196519EB8,CoreDeployer,Solidity(Json) 0.8.28
0x056693c43E25Ce38830d7b9A95973a7F3FB1457d,Factory,Solidity(Json) 0.8.28
0x283bFE7F16CA1957236c11153516a447E0A79fFE,TheDeed,Solidity(Json) 0.8.28
0xD2124cFd223bf305B62ce2acEf12f0797c7F49D1,ERC1967Proxy,Solidity(Json) 0.8.28
0x2b9BD5490008e853Dae6ee949B11CC660D634CFf,BridgeUpgradeable,Solidity(Json) 0.8.28
0xBd48C1f92817599C5544b33f70cCfc07c2253c63,MentographsSource,Solidity 0.8.24
0xc381b18EdA9340b10d4942B449E7875504e62351,PathReceipts,Solidity(Json) 0.8.30
0x5430ACC5D05A7136895712DbcB6D91b9b487d5D1,NetworkAtlas,Solidity(Json) 0.8.30
0x1c3d822eC4829bCCeAC80E20bA9461b04b0ea332,ReadableEndpoint,Solidity(Json) 0.8.30
0x1Bd16A5434F6555fE8A560F0f29f861dDFda0865,TargetSeal,Solidity(Json) 0.8.30
0x2a411d41e6d16AD0C7bD39E8747DbE5D0eaa7Cb3,EndpointLedger,Solidity(Json) 0.8.30
0xaC560C7925be5B59adc4193AFF46D61De7d1Dee9,Interop7930,Solidity(Json) 0.8.30
